query_id,query_length,hit_accession,hit_definition,organism,evalue,bit_score,alignment_length,percent_identity,query_start,query_end,hit_start,hit_end,alignment
"unknown_part5 Cleaned version of unknown, length=879",879,LA257266,"TSA: Fish metagenome RNA, contig: contig12347_scaffold8745, isolate: DFGC9, transcribed RNA sequence",Desconocido,0.0,655.909,578,85.12110726643598,16,593,84,661,CCCGGCTTCCAGCGCGAACATGAGCGTCGGTTTCGACGTGTTGGGCGCAG...
"unknown_part4 Cleaned version of unknown, length=1879",1879,LA257266,"TSA: Fish metagenome RNA, contig: contig12347_scaffold8745, isolate: DFGC9, transcribed RNA sequence",Desconocido,1.19108e-176,625.252,602,82.72425249169434,51,652,78,661,TTGTGACCCGGCTTCCAGCGCGAACATGAGCGTCGGTTTCGACGTGTTGG...
"unknown_part5 Cleaned version of unknown, length=879",879,LA216310,"TSA: Fish metagenome RNA, contig: contig64667_C4606219, isolate: DFGC6, transcribed RNA sequence",Desconocido,2.32686e-156,556.724,578,81.31487889273356,16,593,873,296,CCCGGCTTCCAGCGCGAACATGAGCGTCGGTTTCGACGTGTTGGGCGCAG...
"unknown_part4 Cleaned version of unknown, length=1879",1879,LA216310,"TSA: Fish metagenome RNA, contig: contig64667_C4606219, isolate: DFGC6, transcribed RNA sequence",Desconocido,8.5839e-147,526.067,602,78.90365448504983,51,652,879,296,TTGTGACCCGGCTTCCAGCGCGAACATGAGCGTCGGTTTCGACGTGTTGG...
"unknown_part4 Cleaned version of unknown, length=1879",1879,LA020528,"TSA: Fish metagenome RNA, contig: contig20528_C2532700, isolate: DF3293, transcribed RNA sequence",Desconocido,1.2796e-49,203.264,503,70.37773359840955,54,546,495,6,TGACCCGGCTTCCAGCGCGAACATGAGCGTCGGTTTCGACGTGTTGGGCG...
"unknown_part5 Cleaned version of unknown, length=879",879,LA020528,"TSA: Fish metagenome RNA, contig: contig20528_C2532700, isolate: DF3293, transcribed RNA sequence",Desconocido,7.15573e-49,199.657,496,69.75806451612904,16,487,492,6,CCCGGCTTCCAGCGCGAACATGAGCGTCGGTTTCGACGTGTTGGGCGCAG...
"unknown_part2 Cleaned version of unknown, length=549",549,LA219823,"TSA: Fish metagenome RNA, contig: contig68180_C4615783, isolate: DFGC6, transcribed RNA sequence",Desconocido,1.86164e-47,194.247,162,86.41975308641975,388,549,1091,1252,GCGTCGGCGGCGTCGGCGGCGCGCTACTGGAACAGCTTAAACGTCAGCAA...
"unknown_part1 Cleaned version of unknown, length=283",283,LA219823,"TSA: Fish metagenome RNA, contig: contig68180_C4615783, isolate: DFGC6, transcribed RNA sequence",Desconocido,3.62269e-40,169.0,153,84.31372549019608,1,153,885,1037,CGACGGTATGCGCACGCTACGCGGCATTTCAGCGAAATTCTTCGCCGCGC...
"unknown_part1 Cleaned version of unknown, length=283",283,LA168855,"TSA: Fish metagenome RNA, contig: contig17212_scaffold15200, isolate: DFGC6, transcribed RNA sequence",Desconocido,1.54041e-38,164.491,153,83.66013071895425,1,153,625,473,CGACGGTATGCGCACGCTACGCGGCATTTCAGCGAAATTCTTCGCCGCGC...
"unknown_part3 Cleaned version of unknown, length=409",409,LA219823,"TSA: Fish metagenome RNA, contig: contig68180_C4615783, isolate: DFGC6, transcribed RNA sequence",Desconocido,1.19167e-35,154.573,125,87.2,6,130,1258,1382,GCGAACGCGCCGTTCAATCTGGGACGCTTAATTCGCCTGGTGAAAGAATA...
"unknown_part3 Cleaned version of unknown, length=409",409,LA168855,"TSA: Fish metagenome RNA, contig: contig17212_scaffold15200, isolate: DFGC6, transcribed RNA sequence",Desconocido,6.173e-33,145.556,125,85.6,6,130,252,128,GCGAACGCGCCGTTCAATCTGGGACGCTTAATTCGCCTGGTGAAAGAATA...
"unknown_part2 Cleaned version of unknown, length=549",549,LA168855,"TSA: Fish metagenome RNA, contig: contig17212_scaffold15200, isolate: DFGC6, transcribed RNA sequence",Desconocido,2.95259e-32,144.654,157,80.2547770700637,388,544,419,263,GCGTCGGCGGCGTCGGCGGCGCGCTACTGGAACAGCTTAAACGTCAGCAA...
"unknown_part5 Cleaned version of unknown, length=879",879,LA301375,"TSA: Fish metagenome RNA, contig: contig4493_scaffold6696, isolate: YEZ, transcribed RNA sequence",Desconocido,8.72517e-29,133.834,221,73.30316742081448,373,593,98,318,GCTGATGGGCGAGCTGGAAGGCCGTATCTCCGGCAGCATCCATTACGATA...
"unknown_part4 Cleaned version of unknown, length=1879",1879,LA301375,"TSA: Fish metagenome RNA, contig: contig4493_scaffold6696, isolate: YEZ, transcribed RNA sequence",Desconocido,1.90078e-28,133.834,221,73.30316742081448,432,652,98,318,GCTGATGGGCGAGCTGGAAGGCCGTATCTCCGGCAGCATCCATTACGATA...
"unknown_part5 Cleaned version of unknown, length=879",879,LA280510,"TSA: Fish metagenome RNA, contig: contig35591_C1989283, isolate: DFGC9, transcribed RNA sequence",Desconocido,1.57755e-25,123.014,325,68.3076923076923,249,573,491,815,TGACGCTGGAAAAAAATATGCCGATTGGTTCCGGGTTAGGGTCCAGCGCC...
"unknown_part4 Cleaned version of unknown, length=1879",1879,LA280510,"TSA: Fish metagenome RNA, contig: contig35591_C1989283, isolate: DFGC9, transcribed RNA sequence",Desconocido,3.43669e-25,123.014,325,68.3076923076923,308,632,491,815,TGACGCTGGAAAAAAATATGCCGATTGGTTCCGGGTTAGGGTCCAGCGCC...
"unknown_part5 Cleaned version of unknown, length=879",879,LA220560,"TSA: Fish metagenome RNA, contig: contig68917_C4617821, isolate: DFGC6, transcribed RNA sequence",Desconocido,1.92185e-24,118.505,325,68.0,249,573,1600,1924,TGACGCTGGAAAAAAATATGCCGATTGGTTCCGGGTTAGGGTCCAGCGCC...
"unknown_part5 Cleaned version of unknown, length=879",879,LA318150,"TSA: Fish metagenome RNA, contig: contig21268_C2398085, isolate: YEZ, transcribed RNA sequence",Desconocido,1.92185e-24,118.505,325,68.0,249,573,130,454,TGACGCTGGAAAAAAATATGCCGATTGGTTCCGGGTTAGGGTCCAGCGCC...
"unknown_part4 Cleaned version of unknown, length=1879",1879,LA220560,"TSA: Fish metagenome RNA, contig: contig68917_C4617821, isolate: DFGC6, transcribed RNA sequence",Desconocido,4.18674e-24,118.505,325,68.0,308,632,1600,1924,TGACGCTGGAAAAAAATATGCCGATTGGTTCCGGGTTAGGGTCCAGCGCC...
"unknown_part4 Cleaned version of unknown, length=1879",1879,LA318150,"TSA: Fish metagenome RNA, contig: contig21268_C2398085, isolate: YEZ, transcribed RNA sequence",Desconocido,4.18674e-24,118.505,325,68.0,308,632,130,454,TGACGCTGGAAAAAAATATGCCGATTGGTTCCGGGTTAGGGTCCAGCGCC...
"unknown_part5 Cleaned version of unknown, length=879",879,LA244591,"TSA: Fish metagenome RNA, contig: contig23039_C2369904, isolate: DFGC7, transcribed RNA sequence",Desconocido,6.7079e-24,116.702,319,68.02507836990596,255,573,2071,1753,TGGAAAAAAATATGCCGATTGGTTCCGGGTTAGGGTCCAGCGCCTGTTCC...
"unknown_part4 Cleaned version of unknown, length=1879",1879,LA244591,"TSA: Fish metagenome RNA, contig: contig23039_C2369904, isolate: DFGC7, transcribed RNA sequence",Desconocido,1.46132e-23,116.702,319,68.02507836990596,314,632,2071,1753,TGGAAAAAAATATGCCGATTGGTTCCGGGTTAGGGTCCAGCGCCTGTTCC...
"unknown_part5 Cleaned version of unknown, length=879",879,LA259847,"TSA: Fish metagenome RNA, contig: contig14928_scaffold10041, isolate: DFGC9, transcribed RNA sequence",Desconocido,1.21282e-20,106.783,346,67.91907514450867,253,588,1772,2107,GCTGGAAAAAAATATGCCGATTGGTTCCGGGTTAGGGTCCAGCGCCTGTT...
"unknown_part4 Cleaned version of unknown, length=1879",1879,LA259847,"TSA: Fish metagenome RNA, contig: contig14928_scaffold10041, isolate: DFGC9, transcribed RNA sequence",Desconocido,2.64212e-20,106.783,346,67.91907514450867,312,647,1772,2107,GCTGGAAAAAAATATGCCGATTGGTTCCGGGTTAGGGTCCAGCGCCTGTT...
"unknown_part5 Cleaned version of unknown, length=879",879,LA178318,"TSA: Fish metagenome RNA, contig: contig26675_scaffold20315, isolate: DFGC6, transcribed RNA sequence",Desconocido,1.47751e-19,103.177,268,69.02985074626866,253,519,187,453,GCTGGAAAAAAATATGCCGATTGGTTCCGGGTTAGGGTCCAGCGCCTGTT...
"unknown_part4 Cleaned version of unknown, length=1879",1879,LA178318,"TSA: Fish metagenome RNA, contig: contig26675_scaffold20315, isolate: DFGC6, transcribed RNA sequence",Desconocido,3.21876e-19,103.177,268,69.02985074626866,312,578,187,453,GCTGGAAAAAAATATGCCGATTGGTTCCGGGTTAGGGTCCAGCGCCTGTT...
"unknown_part3 Cleaned version of unknown, length=409",409,LA104026,"TSA: Fish metagenome RNA, contig: contig5252_scaffold4895, isolate: DF4106, transcribed RNA sequence",Desconocido,4.16301e-16,89.6514,134,74.6268656716418,275,408,148,15,GGGTTCCATGTGGTGACGCCAAACAAGAAAGCGAACACCTCGTCAATGGA...
"unknown_part3 Cleaned version of unknown, length=409",409,LA309604,"TSA: Fish metagenome RNA, contig: contig12722_scaffold13194, isolate: YEZ, transcribed RNA sequence",Desconocido,2.15649e-13,80.6345,134,73.13432835820896,275,408,8,141,GGGTTCCATGTGGTGACGCCAAACAAGAAAGCGAACACCTCGTCAATGGA...
"unknown_part3 Cleaned version of unknown, length=409",409,LA010821,"TSA: Fish metagenome RNA, contig: contig10821_scaffold9889, isolate: DF3293, transcribed RNA sequence",Desconocido,2.15649e-13,80.6345,134,73.13432835820896,275,408,358,225,GGGTTCCATGTGGTGACGCCAAACAAGAAAGCGAACACCTCGTCAATGGA...
"unknown_part1 Cleaned version of unknown, length=283",283,LA259847,"TSA: Fish metagenome RNA, contig: contig14928_scaffold10041, isolate: DFGC9, transcribed RNA sequence",Desconocido,5.04006e-13,78.8312,73,83.56164383561644,48,120,294,366,CGCTGGCGCGGGCTAATATCAATATCGTGGCGATCGCTCAGGGATCTTCT...
"unknown_part1 Cleaned version of unknown, length=283",283,LA220560,"TSA: Fish metagenome RNA, contig: contig68917_C4617821, isolate: DFGC6, transcribed RNA sequence",Desconocido,6.14005e-12,75.2244,76,81.57894736842105,38,113,120,195,TTCTTCGCCGCGCTGGCGCGGGCTAATATCAATATCGTGGCGATCGCTCA...
"unknown_part3 Cleaned version of unknown, length=409",409,LA309603,"TSA: Fish metagenome RNA, contig: contig12721_scaffold13194, isolate: YEZ, transcribed RNA sequence",Desconocido,9.16964e-12,76.1261,64,85.9375,64,127,442,505,TCAATCCGGTGATTGTTGATTGTACCTCCAGTCAGGCGGTGGCCGACCAG...
"unknown_part3 Cleaned version of unknown, length=409",409,LA035440,"TSA: Fish metagenome RNA, contig: contig12870_scaffold11199, isolate: DF3296, transcribed RNA sequence",Desconocido,1.11709e-10,71.6177,64,84.375,64,127,119,56,TCAATCCGGTGATTGTTGATTGTACCTCCAGTCAGGCGGTGGCCGACCAG...
"unknown_part1 Cleaned version of unknown, length=283",283,LA244746,"TSA: Fish metagenome RNA, contig: contig23194_C2370256, isolate: DFGC7, transcribed RNA sequence",Desconocido,2.61082e-10,70.716,61,85.24590163934425,53,113,983,923,GCGCGGGCTAATATCAATATCGTGGCGATCGCTCAGGGATCTTCTGAGCG...
"unknown_part1 Cleaned version of unknown, length=283",283,LA260241,"TSA: Fish metagenome RNA, contig: contig15322_scaffold10220, isolate: DFGC9, transcribed RNA sequence",Desconocido,4.72047e-07,58.9941,52,84.61538461538461,62,113,1,52,AATATCAATATCGTGGCGATCGCTCAGGGATCTTCTGAGCGTTCTATTTC...
"unknown_part3 Cleaned version of unknown, length=409",409,LA259847,"TSA: Fish metagenome RNA, contig: contig14928_scaffold10041, isolate: DFGC9, transcribed RNA sequence",Desconocido,7.04961e-07,59.8958,125,70.39999999999999,275,399,749,873,GGGTTCCATGTGGTGACGCCAAACAAGAAAGCGAACACCTCGTCAATGGA...
"unknown_part4 Cleaned version of unknown, length=1879",1879,LA067560,"TSA: Fish metagenome RNA, contig: contig17477_C1848798, isolate: DF3298, transcribed RNA sequence",Desconocido,9.85497e-07,60.7975,88,75.0,54,141,319,406,TGACCCGGCTTCCAGCGCGAACATGAGCGTCGGTTTCGACGTGTTGGGCG...
"unknown_part5 Cleaned version of unknown, length=879",879,LA034988,"TSA: Fish metagenome RNA, contig: contig12418_scaffold10963, isolate: DF3296, transcribed RNA sequence",Desconocido,1.57894e-06,59.8958,87,75.86206896551724,14,100,108,193,CGCCCGGCTTCCAGCGCGAACATGAGCGTCGGTTTCGACGTGTTGGGCGC...
"unknown_part5 Cleaned version of unknown, length=879",879,LA067560,"TSA: Fish metagenome RNA, contig: contig17477_C1848798, isolate: DF3298, transcribed RNA sequence",Desconocido,1.57894e-06,59.8958,85,75.29411764705883,16,100,322,406,CCCGGCTTCCAGCGCGAACATGAGCGTCGGTTTCGACGTGTTGGGCGCAG...
"unknown_part5 Cleaned version of unknown, length=879",879,LA010820,"TSA: Fish metagenome RNA, contig: contig10820_scaffold9889, isolate: DF3293, transcribed RNA sequence",Desconocido,1.57894e-06,59.8958,87,75.86206896551724,14,100,190,105,CGCCCGGCTTCCAGCGCGAACATGAGCGTCGGTTTCGACGTGTTGGGCGC...
"unknown_part1 Cleaned version of unknown, length=283",283,LA309603,"TSA: Fish metagenome RNA, contig: contig12721_scaffold13194, isolate: YEZ, transcribed RNA sequence",Desconocido,1.6476e-06,58.0924,84,75.0,38,121,48,131,TTCTTCGCCGCGCTGGCGCGGGCTAATATCAATATCGTGGCGATCGCTCA...
"unknown_part1 Cleaned version of unknown, length=326",326,KA652115,TSA: termite gut metagenome contig01508.Reflgut mRNA sequence,Desconocido,6.7281e-06,55.3874,44,88.63636363636364,237,278,241,284,CAAAAACATTTGTTGGCACACCTTATTACATGTCT--AGAAATC
"unknown_part4 Cleaned version of unknown, length=1879",1879,LA034988,"TSA: Fish metagenome RNA, contig: contig12418_scaffold10963, isolate: DF3296, transcribed RNA sequence",Desconocido,1.20058e-05,58.0924,84,75.0,58,141,110,193,CCGGCTTCCAGCGCGAACATGAGCGTCGGTTTCGACGTGTTGGGCGCAGC...
"unknown_part4 Cleaned version of unknown, length=1879",1879,LA010820,"TSA: Fish metagenome RNA, contig: contig10820_scaffold9889, isolate: DF3293, transcribed RNA sequence",Desconocido,1.20058e-05,58.0924,84,75.0,58,141,188,105,CCGGCTTCCAGCGCGAACATGAGCGTCGGTTTCGACGTGTTGGGCGCAGC...
"unknown_part2 Cleaned version of unknown, length=201",201,LA235167,"TSA: Fish metagenome RNA, contig: contig13615_C2348808, isolate: DFGC7, transcribed RNA sequence",Desconocido,1.35664e-05,54.4857,37,91.8918918918919,12,48,277,313,ATCAGATATCTGGTCATTGGGCTGCTTGCTGTATGAG
"unknown_part1 Cleaned version of unknown, length=283",283,LA035440,"TSA: Fish metagenome RNA, contig: contig12870_scaffold11199, isolate: DF3296, transcribed RNA sequence",Desconocido,2.00719e-05,53.584,84,73.80952380952381,38,121,513,430,TTCTTCGCCGCGCTGGCGCGGGCTAATATCAATATCGTGGCGATCGCTCA...
"unknown_part4 Cleaned version of unknown, length=1879",1879,OZ176288,"plant metagenome genome assembly, chromosome: LJR1800001",Desconocido,4.19044e-05,55.3874,35,94.28571428571428,1741,1775,2355681,2355715,CGCAGCTGTACTGGTTCACGGTGGAGTTCGGGCTG
"unknown_part3 Cleaned version of unknown, length=409",409,OW818678,"metagenome genome assembly, chromosome: 1",Desconocido,0.000104626,51.7806,136,69.11764705882352,275,408,612244,612377,GGGTTCCATGTGGTGACGCCAAACAAGAAAGCGAACACCTC--GTCAATG...
"unknown_part2 Cleaned version of unknown, length=201",201,MN740374,MAG: Viral metagenome isolate GVMAG-M-3300026093-6 genomic sequence,Desconocido,0.000165273,49.9773,52,80.76923076923077,1,52,3739,3790,TACAATGAGAAATCAGATATCTGGTCATTGGGCTGCTTGCTGTATGAGTT...
"unknown_part5 Cleaned version of unknown, length=879",879,LA301373,"TSA: Fish metagenome RNA, contig: contig4491_scaffold6696, isolate: YEZ, transcribed RNA sequence",Desconocido,0.000817912,50.8789,87,73.5632183908046,14,100,7,92,CGCCCGGCTTCCAGCGCGAACATGAGCGTCGGTTTCGACGTGTTGGGCGC...
"unknown_part5 Cleaned version of unknown, length=879",879,LA178319,"TSA: Fish metagenome RNA, contig: contig26676_scaffold20315, isolate: DFGC6, transcribed RNA sequence",Desconocido,0.000817912,49.9773,52,80.76923076923077,542,593,5,56,GTTTCTACCGCAGAAGCACGGGCCATTTTGCCTGCGCAGTATCGCCGTCA...
